{"stats":{"minecraft:crafted":{"minecraft:wooden_sword":1,"minecraft:oak_planks":68,"minecraft:wooden_shovel":1,"minecraft:crafting_table":3,"minecraft:wooden_pickaxe":2,"minecraft:furnace":1,"minecraft:bucket":1,"minecraft:birch_planks":8,"minecraft:stone_axe":2,"minecraft:cooked_mutton":10,"minecraft:air":0,"minecraft:oak_boat":1,"minecraft:stick":20,"minecraft:iron_ingot":3,"minecraft:stone_pickaxe":2,"minecraft:chest":2,"minecraft:white_bed":1},"minecraft:dropped":{"justenoughdrugz:golden_undercooked_meth_pipe":1,"justenoughdrugz:blunt":2,"justenoughdrugz:medium_quality_blue_meth_pipe":4,"justenoughdrugz:medium_quality_meth_pipe":4,"justenoughdrugz:golden_high_quality_meth_pipe":1,"justenoughdrugz:golden_burnt_meth_pipe":1,"justenoughdrugz:low_quality_meth_pipe":5,"justenoughdrugz:golden_medium_quality_meth_pipe":1,"justenoughdrugz:burnt_meth_syringe":2,"justenoughdrugz:burnt_meth_pipe":4,"minecraft:feather":3,"minecraft:golden_axe":1,"justenoughdrugz:golden_high_quality_blue_meth_pipe":1,"justenoughdrugz:heroin_syringe":4,"cgm:grenade_launcher":1,"justenoughdrugz:high_quality_blue_meth_pipe":4,"justenoughdrugz:medium_quality_meth_syringe":2,"justenoughdrugz:undercooked_meth_syringe":2,"justenoughdrugz:golden_low_quality_meth_pipe":1,"justenoughdrugz:hundred_dollar_bill":11,"justenoughdrugz:high_quality_blue_meth_syringe":2,"justenoughdrugz:golden_medium_quality_blue_meth_pipe":1,"justenoughdrugz:undercooked_meth_pipe":4,"justenoughdrugz:high_quality_meth_syringe":2,"minecraft:stone_pickaxe":1,"justenoughdrugz:medium_quality_blue_meth_syringe":2,"justenoughdrugz:low_quality_meth_syringe":2,"justenoughdrugz:high_quality_meth_pipe":4},"minecraft:killed_by":{"graveyard:ghoul":1,"minecraft:zombie":2,"born_in_chaos_v1:wither_scuttler":1,"born_in_chaos_v1:door_knight":1,"vampirism:vampire":1,"minecraft:illusioner":4},"minecraft:used":{"minecraft:cooked_mutton":9,"minecraft:stone_pickaxe":76,"minecraft:chest":2,"minecraft:wooden_pickaxe":20,"minecraft:dirt":69,"minecraft:crafting_table":7,"minecraft:white_bed":3,"cgm:rifle":7,"born_in_chaos_v1:corpse_maggot":2,"minecraft:chicken":4,"minecraft:stone_axe":57,"minecraft:wooden_sword":8,"minecraft:furnace":3,"minecraft:bucket":2,"tombstone:gift":4,"minecraft:oak_boat":1,"minecraft:egg":3,"cgm:heavy_rifle":4,"minecraft:golden_axe":28},"minecraft:killed":{"vampirism:vampire":2,"minecraft:pig":2,"graveyard:ghoul":1,"minecraft:creeper":3,"minecraft:sheep":7,"minecraft:skeleton":1,"vampirism:blinding_bat":1,"minecraft:zombie":2,"minecraft:chicken":4,"born_in_chaos_v1:corpse_fly":1,"minecraft:illusioner":1,"minecraft:cow":3},"minecraft:custom":{"minecraft:interact_with_furnace":10,"minecraft:mob_kills":29,"tombstone:raider_killed":1,"minecraft:interact_with_crafting_table":11,"minecraft:leave_game":5,"minecraft:time_since_death":9647,"minecraft:sleep_in_bed":7,"minecraft:time_since_rest":9648,"minecraft:sprint_one_cm":189641,"minecraft:damage_taken":3284,"minecraft:walk_one_cm":764641,"minecraft:drop":63,"minecraft:damage_dealt":3460,"minecraft:swim_one_cm":4382,"minecraft:fly_one_cm":76151,"minecraft:player_kills":3,"minecraft:open_chest":7,"minecraft:crouch_one_cm":2892,"minecraft:play_time":220784,"tombstone:undead_killed":4,"minecraft:deaths":13,"minecraft:sneak_time":2638,"minecraft:walk_under_water_one_cm":26899,"minecraft:boat_one_cm":205232,"minecraft:jump":849,"minecraft:walk_on_water_one_cm":41164,"minecraft:total_world_time":220784,"minecraft:fall_one_cm":3915},"minecraft:picked_up":{"minecraft:birch_log":2,"born_in_chaos_v1:corpse_maggot":2,"justenoughdrugz:golden_medium_quality_blue_meth_pipe":1,"minecraft:crafting_table":4,"minecraft:feather":3,"minecraft:chicken":4,"minecraft:leather":3,"justenoughdrugz:heroin_syringe":2,"justenoughdrugz:high_quality_meth_syringe":2,"minecraft:oak_log":21,"minecraft:gunpowder":2,"minecraft:dirt":97,"justenoughdrugz:low_quality_meth_pipe":5,"justenoughdrugz:burnt_meth_pipe":4,"cgm:grenade_launcher":1,"justenoughdrugz:medium_quality_blue_meth_syringe":2,"justenoughdrugz:medium_quality_meth_pipe":4,"minecraft:bone":1,"graveyard:corruption":1,"minecraft:bow":1,"justenoughdrugz:golden_undercooked_meth_pipe":1,"vampirism:cursed_earth":6,"minecraft:stone_pickaxe":1,"minecraft:beef":3,"justenoughdrugz:high_quality_blue_meth_syringe":2,"justenoughdrugz:hundred_dollar_bill":10,"justenoughdrugz:weed_seed":1,"minecraft:sugar_cane":4,"justenoughdrugz:golden_low_quality_meth_pipe":1,"minecraft:furnace":2,"minecraft:egg":3,"minecraft:stick":3,"vampirism:vampire_spruce_sapling":1,"justenoughdrugz:golden_burnt_meth_pipe":1,"justenoughdrugz:medium_quality_blue_meth_pipe":4,"justenoughdrugz:low_quality_meth_syringe":2,"justenoughdrugz:high_quality_meth_pipe":4,"minecraft:gravel":2,"minecraft:porkchop":4,"justenoughdrugz:golden_high_quality_meth_pipe":1,"minecraft:golden_axe":1,"justenoughdrugz:burnt_meth_syringe":2,"minecraft:diorite":16,"minecraft:white_bed":2,"justenoughdrugz:golden_medium_quality_meth_pipe":1,"justenoughdrugz:golden_high_quality_blue_meth_pipe":1,"justenoughdrugz:undercooked_meth_pipe":4,"justenoughdrugz:blunt":2,"justenoughdrugz:medium_quality_meth_syringe":2,"justenoughdrugz:high_quality_blue_meth_pipe":4,"justenoughdrugz:undercooked_meth_syringe":2,"minecraft:oak_sapling":1,"minecraft:black_wool":1,"minecraft:mutton":10,"minecraft:white_wool":6,"minecraft:cobblestone":73},"minecraft:mined":{"vampirism:cursed_earth":2,"minecraft:white_bed":2,"minecraft:crafting_table":5,"minecraft:grass_block":8,"vampirism:bloody_spruce_leaves":1,"minecraft:spruce_leaves":7,"minecraft:sugar_cane":2,"minecraft:diorite":16,"vampirism:vampire_spruce_leaves":1,"minecraft:furnace":2,"minecraft:birch_log":1,"minecraft:grass":8,"minecraft:oak_log":21,"minecraft:gravel":2,"minecraft:dirt":20,"minecraft:stone":73,"vampirism:cursed_grass_block":2,"minecraft:oak_leaves":10}},"DataVersion":2975}