{"stats":{"minecraft:used":{"minecraft:dirt":64,"tombstone:gift":2,"cgm:rifle":7,"cgm:heavy_rifle":4},"minecraft:mined":{"minecraft:oak_log":4,"minecraft:oak_leaves":1},"minecraft:killed":{"minecraft:skeleton":1,"minecraft:creeper":3},"minecraft:picked_up":{"justenoughdrugz:golden_medium_quality_blue_meth_pipe":1,"minecraft:stick":2,"justenoughdrugz:golden_burnt_meth_pipe":1,"justenoughdrugz:medium_quality_blue_meth_pipe":4,"justenoughdrugz:low_quality_meth_syringe":2,"justenoughdrugz:high_quality_meth_pipe":4,"justenoughdrugz:heroin_syringe":2,"justenoughdrugz:golden_high_quality_meth_pipe":1,"minecraft:oak_log":4,"justenoughdrugz:high_quality_meth_syringe":2,"justenoughdrugz:burnt_meth_syringe":2,"minecraft:gunpowder":2,"minecraft:dirt":70,"justenoughdrugz:low_quality_meth_pipe":5,"justenoughdrugz:burnt_meth_pipe":4,"cgm:grenade_launcher":1,"justenoughdrugz:medium_quality_meth_pipe":4,"justenoughdrugz:medium_quality_blue_meth_syringe":2,"minecraft:bone":1,"justenoughdrugz:golden_medium_quality_meth_pipe":1,"minecraft:bow":1,"justenoughdrugz:golden_undercooked_meth_pipe":1,"justenoughdrugz:undercooked_meth_pipe":4,"justenoughdrugz:golden_high_quality_blue_meth_pipe":1,"justenoughdrugz:blunt":2,"justenoughdrugz:hundred_dollar_bill":10,"justenoughdrugz:high_quality_blue_meth_syringe":2,"justenoughdrugz:medium_quality_meth_syringe":2,"justenoughdrugz:high_quality_blue_meth_pipe":4,"minecraft:oak_sapling":1,"justenoughdrugz:undercooked_meth_syringe":2,"justenoughdrugz:golden_low_quality_meth_pipe":1},"minecraft:custom":{"minecraft:time_since_rest":47275,"minecraft:sprint_one_cm":24868,"minecraft:damage_taken":170,"minecraft:walk_one_cm":114068,"minecraft:mob_kills":4,"minecraft:drop":60,"minecraft:damage_dealt":60,"minecraft:player_kills":1,"minecraft:fly_one_cm":36606,"minecraft:crouch_one_cm":2196,"minecraft:play_time":114436,"tombstone:undead_killed":1,"minecraft:deaths":3,"minecraft:sneak_time":2123,"minecraft:walk_under_water_one_cm":4707,"minecraft:jump":65,"minecraft:leave_game":3,"minecraft:time_since_death":47193,"minecraft:walk_on_water_one_cm":447,"minecraft:total_world_time":114436},"minecraft:dropped":{"justenoughdrugz:golden_undercooked_meth_pipe":1,"justenoughdrugz:golden_low_quality_meth_pipe":1,"justenoughdrugz:blunt":2,"justenoughdrugz:medium_quality_blue_meth_pipe":4,"justenoughdrugz:golden_high_quality_meth_pipe":1,"justenoughdrugz:medium_quality_meth_pipe":4,"justenoughdrugz:golden_burnt_meth_pipe":1,"justenoughdrugz:hundred_dollar_bill":11,"justenoughdrugz:low_quality_meth_pipe":5,"justenoughdrugz:high_quality_blue_meth_syringe":2,"justenoughdrugz:golden_medium_quality_meth_pipe":1,"justenoughdrugz:burnt_meth_syringe":2,"justenoughdrugz:golden_medium_quality_blue_meth_pipe":1,"justenoughdrugz:burnt_meth_pipe":4,"justenoughdrugz:undercooked_meth_pipe":4,"justenoughdrugz:high_quality_meth_syringe":2,"justenoughdrugz:medium_quality_blue_meth_syringe":2,"justenoughdrugz:golden_high_quality_blue_meth_pipe":1,"justenoughdrugz:low_quality_meth_syringe":2,"cgm:grenade_launcher":1,"justenoughdrugz:heroin_syringe":4,"justenoughdrugz:high_quality_blue_meth_pipe":4,"justenoughdrugz:medium_quality_meth_syringe":2,"justenoughdrugz:high_quality_meth_pipe":4,"justenoughdrugz:undercooked_meth_syringe":2}},"DataVersion":2975}