{"stats":{"minecraft:killed":{"minecraft:skeleton":1,"minecraft:creeper":3},"minecraft:used":{"cgm:heavy_rifle":4},"minecraft:mined":{"minecraft:oak_log":4,"minecraft:oak_leaves":1},"minecraft:custom":{"minecraft:time_since_rest":7365,"minecraft:deaths":1,"minecraft:crouch_one_cm":1511,"minecraft:play_time":47568,"minecraft:sprint_one_cm":21105,"minecraft:damage_taken":170,"tombstone:undead_killed":1,"minecraft:walk_one_cm":28813,"minecraft:sneak_time":1104,"minecraft:walk_under_water_one_cm":4707,"minecraft:mob_kills":4,"minecraft:jump":42,"minecraft:damage_dealt":60,"minecraft:leave_game":2,"minecraft:walk_on_water_one_cm":447,"minecraft:time_since_death":7287,"minecraft:total_world_time":47568,"minecraft:fly_one_cm":36180},"minecraft:picked_up":{"minecraft:bone":1,"minecraft:bow":1,"minecraft:oak_log":4,"minecraft:gunpowder":2}},"DataVersion":2975}