{"stats":{"minecraft:crafted":{"minecraft:oak_planks":4,"minecraft:stone_pickaxe":1,"minecraft:wheat":117,"minecraft:crafting_table":1,"minecraft:wooden_pickaxe":1,"minecraft:birch_planks":60,"minecraft:stone_axe":1,"minecraft:bread":17,"minecraft:shield":1,"minecraft:stick":96,"minecraft:iron_ingot":1,"minecraft:wooden_axe":1,"minecraft:torch":4},"minecraft:broken":{"minecraft:leather_helmet":1},"minecraft:dropped":{"minecraft:wheat_seeds":2,"minecraft:apple":4,"simpleplanes:plane":1,"minecraft:coal":1,"tombstone:grave_key":5,"minecraft:wooden_axe":2,"simpleplanes:helicopter":1,"minecraft:sunflower":3,"minecraft:pumpkin":1,"minecraft:stone_axe":1,"minecraft:carrot":4,"minecraft:chainmail_chestplate":1,"minecraft:shield":1,"minecraft:melon_seeds":5,"minecraft:wooden_pickaxe":1},"minecraft:killed_by":{"minecraft:player":3,"graveyard:nightmare":1,"minecraft:wolf":1,"minecraft:spider":1,"minecraft:pillager":12,"born_in_chaos_v1:zombie_fisherman":1,"born_in_chaos_v1:corpse_fly":1,"born_in_chaos_v1:wither_scuttler":1,"born_in_chaos_v1:barrel_zombie":3,"minecraft:vindicator":3,"minecraft:skeleton":2,"minecraft:zombie":2,"born_in_chaos_v1:corpse_fish":1,"vampirism:vampire":2},"minecraft:used":{"minecraft:flint_and_steel":9,"born_in_chaos_v1:ethereal_spirit":8,"minecraft:chest":5,"minecraft:shield":9,"minecraft:torch":5,"minecraft:dirt":13,"minecraft:mutton":1,"born_in_chaos_v1:corpse_maggot":2,"minecraft:wooden_axe":36,"vampirism:item_tent":2,"minecraft:birch_sapling":1,"securitycraft:ancient_debris_mine":3,"simpleplanes:plane":1,"minecraft:beef":6,"tombstone:gift":6,"minecraft:egg":1,"minecraft:potato":2,"minecraft:cooked_mutton":3,"minecraft:oak_planks":1,"minecraft:wooden_pickaxe":20,"simpleplanes:helicopter":1,"minecraft:crafting_table":4,"tombstone:bag_of_seeds":1,"minecraft:apple":5,"minecraft:bread":3,"minecraft:stone_axe":34,"minecraft:cobblestone":6,"minecraft:porkchop":10,"cgm:mini_gun":238,"vampirism:vampire_orchid":1,"epicfight:uchigatana":181,"minecraft:experience_bottle":5},"minecraft:killed":{"minecraft:vindicator":4,"born_in_chaos_v1:maggot":3,"minecraft:skeleton":3,"born_in_chaos_v1:barrel_zombie":2,"minecraft:pig":9,"born_in_chaos_v1:decrepit_skeleton":1,"minecraft:sheep":3,"minecraft:pillager":18,"born_in_chaos_v1:zombie_fisherman":2,"minecraft:zombie":1,"born_in_chaos_v1:corpse_fly":1,"minecraft:cow":3},"minecraft:custom":{"minecraft:interact_with_anvil":1,"minecraft:mob_kills":55,"minecraft:interact_with_crafting_table":9,"minecraft:leave_game":3,"minecraft:time_since_death":5169,"minecraft:sprint_one_cm":1137233,"minecraft:walk_one_cm":1003033,"minecraft:damage_blocked_by_shield":280,"minecraft:drop":27,"minecraft:damage_dealt_absorbed":448,"minecraft:talked_to_villager":1,"minecraft:play_time":159041,"minecraft:deaths":36,"minecraft:sneak_time":833,"minecraft:walk_under_water_one_cm":13761,"minecraft:jump":2785,"minecraft:walk_on_water_one_cm":98659,"minecraft:total_world_time":159041,"tombstone:raider_killed":22,"minecraft:sleep_in_bed":2,"minecraft:time_since_rest":1860,"minecraft:damage_taken":9283,"minecraft:damage_dealt":14122,"minecraft:swim_one_cm":247318,"minecraft:fly_one_cm":1075097,"minecraft:open_chest":29,"minecraft:crouch_one_cm":5294,"tombstone:undead_killed":9,"minecraft:fall_one_cm":33793},"minecraft:mined":{"minecraft:grass_block":5,"vampirism:vampire_orchid":2,"minecraft:hay_block":15,"minecraft:fire":5,"minecraft:pumpkin":1,"vampirism:tent":2,"minecraft:azure_bluet":1,"minecraft:stone":17,"minecraft:crafting_table":3,"minecraft:torch":2,"minecraft:dead_bush":1,"minecraft:tall_grass":13,"minecraft:birch_log":15,"minecraft:birch_leaves":4,"born_in_chaos_v1:river_mint":4,"minecraft:stone_brick_stairs":2,"minecraft:grass":90,"minecraft:oak_log":3,"minecraft:sunflower":3,"minecraft:gravel":1,"minecraft:dirt":5,"minecraft:oak_leaves":14},"minecraft:picked_up":{"minecraft:wooden_axe":1,"minecraft:crafting_table":3,"minecraft:wheat":2,"minecraft:azure_bluet":1,"born_in_chaos_v1:river_mint":4,"minecraft:prismarine_shard":3,"minecraft:wooden_pickaxe":1,"minecraft:stone_brick_stairs":1,"tombstone:grave_key":3,"minecraft:shield":1,"minecraft:raw_copper":2,"minecraft:iron_shovel":1,"minecraft:gold_nugget":18,"minecraft:beef":6,"justenoughdrugz:hundred_dollar_bill":1,"minecraft:birch_sapling":2,"minecraft:iron_boots":1,"minecraft:egg":1,"minecraft:stick":2,"minecraft:torch":1,"epicfight:skillbook":2,"minecraft:porkchop":10,"tombstone:grave_dust":4,"minecraft:arrow":6,"minecraft:rotten_flesh":5,"minecraft:hay_block":13,"tombstone:essence_of_undeath":1,"minecraft:mutton":1,"minecraft:cobblestone":17,"minecraft:white_wool":4,"minecraft:birch_log":15,"born_in_chaos_v1:corpse_maggot":4,"simpleplanes:helicopter":2,"vampirism:item_tent":2,"minecraft:salmon":1,"minecraft:leather":1,"justenoughdrugz:heroin_syringe":2,"minecraft:oak_log":3,"minecraft:chainmail_chestplate":1,"minecraft:gunpowder":2,"minecraft:dirt":7,"minecraft:cooked_mutton":4,"minecraft:bone":7,"minecraft:apple":5,"minecraft:kelp":3,"minecraft:wheat_seeds":3,"tombstone:bag_of_seeds":1,"minecraft:oak_planks":1,"simpleplanes:plane":2,"minecraft:cooked_porkchop":5,"minecraft:pumpkin":1,"born_in_chaos_v1:ethereal_spirit":1,"minecraft:sand":32,"epicfight:uchigatana":4,"minecraft:slime_ball":1,"born_in_chaos_v1:fire_dust":2,"minecraft:stone_axe":1,"minecraft:oak_sapling":1,"vampirism:vampire_orchid":2,"born_in_chaos_v1:rotten_fish":2,"minecraft:melon_seeds":5,"minecraft:coal":3,"minecraft:sunflower":3}},"DataVersion":2975}