{"stats":{"minecraft:killed_by":{"minecraft:player":1},"minecraft:used":{"simpleplanes:helicopter":1,"simpleplanes:plane":1,"minecraft:dirt":8,"minecraft:chest":5,"securitycraft:ancient_debris_mine":3,"cgm:mini_gun":138},"minecraft:picked_up":{"simpleplanes:helicopter":2,"simpleplanes:plane":2,"justenoughdrugz:heroin_syringe":2,"justenoughdrugz:hundred_dollar_bill":1},"minecraft:custom":{"minecraft:open_chest":1,"minecraft:time_since_rest":2285,"minecraft:walk_one_cm":11344,"minecraft:play_time":16542,"minecraft:damage_taken":376,"minecraft:deaths":2,"minecraft:sneak_time":9,"minecraft:drop":2,"minecraft:jump":18,"minecraft:leave_game":1,"minecraft:time_since_death":2227,"minecraft:total_world_time":16542,"minecraft:fly_one_cm":7795},"minecraft:dropped":{"simpleplanes:plane":1,"simpleplanes:helicopter":1}},"DataVersion":2975}