{"stats":{"minecraft:crafted":{"minecraft:cooked_beef":7,"minecraft:oak_planks":44,"minecraft:cooked_porkchop":3,"minecraft:crafting_table":4,"minecraft:wooden_pickaxe":1,"minecraft:cooked_chicken":4,"minecraft:iron_sword":1,"minecraft:furnace":1,"minecraft:stone_axe":1,"minecraft:air":0,"minecraft:iron_boots":1,"minecraft:iron_chestplate":1,"minecraft:shield":1,"minecraft:stick":20,"minecraft:iron_ingot":26,"minecraft:iron_pickaxe":1,"minecraft:stone_pickaxe":2,"minecraft:iron_leggings":1,"minecraft:torch":28},"minecraft:dropped":{"minecraft:stone_axe":1,"minecraft:rotten_flesh":2,"minecraft:diorite":1,"tombstone:grave_key":1,"minecraft:stone_pickaxe":1,"minecraft:wooden_pickaxe":1},"minecraft:killed_by":{"minecraft:zombie":1,"vampirism:vampire":1},"minecraft:used":{"minecraft:diorite":4,"minecraft:stone_pickaxe":143,"minecraft:shield":5,"minecraft:wooden_pickaxe":39,"minecraft:iron_sword":30,"minecraft:cooked_chicken":4,"minecraft:torch":29,"minecraft:dirt":1,"minecraft:crafting_table":4,"minecraft:iron_pickaxe":41,"minecraft:iron_boots":1,"minecraft:stone_axe":14,"minecraft:furnace":1,"minecraft:cooked_porkchop":1,"tombstone:gift":2,"minecraft:cooked_beef":2,"minecraft:cobbled_deepslate":6},"minecraft:killed":{"minecraft:pig":1,"minecraft:sheep":1,"minecraft:zombie":5,"minecraft:chicken":4,"vampirism:converted_sheep":1,"minecraft:cow":3},"minecraft:custom":{"minecraft:interact_with_furnace":27,"minecraft:mob_kills":15,"minecraft:interact_with_crafting_table":23,"minecraft:leave_game":1,"minecraft:time_since_death":13086,"minecraft:time_since_rest":13318,"minecraft:sprint_one_cm":187518,"minecraft:damage_taken":792,"minecraft:walk_one_cm":265419,"minecraft:damage_blocked_by_shield":360,"minecraft:drop":6,"minecraft:damage_dealt":2287,"minecraft:swim_one_cm":7101,"minecraft:fly_one_cm":110695,"minecraft:crouch_one_cm":1422,"minecraft:play_time":55379,"tombstone:undead_killed":5,"minecraft:deaths":2,"minecraft:sneak_time":579,"minecraft:walk_under_water_one_cm":255,"minecraft:jump":737,"minecraft:walk_on_water_one_cm":7079,"minecraft:total_world_time":55379,"minecraft:fall_one_cm":10940},"minecraft:mined":{"minecraft:deepslate_diamond_ore":1,"minecraft:torch":1,"minecraft:grass_block":2,"vampirism:vampire_orchid":1,"minecraft:deepslate_gold_ore":12,"minecraft:diorite":4,"minecraft:iron_ore":19,"minecraft:deepslate_lapis_ore":1,"vampirism:tent":1,"minecraft:grass":5,"minecraft:coal_ore":21,"minecraft:oak_log":11,"minecraft:deepslate_iron_ore":22,"minecraft:stone":109,"minecraft:oak_leaves":6,"minecraft:deepslate":31},"minecraft:picked_up":{"minecraft:feather":3,"minecraft:chicken":4,"vampirism:item_tent":1,"minecraft:leather":3,"minecraft:wooden_pickaxe":1,"minecraft:tuff":1,"minecraft:oak_log":11,"minecraft:lapis_lazuli":5,"minecraft:dirt":2,"minecraft:wheat_seeds":1,"minecraft:cobbled_deepslate":37,"minecraft:raw_gold":12,"minecraft:beef":7,"minecraft:stone_pickaxe":1,"justenoughdrugz:weed_seed":1,"minecraft:egg":1,"minecraft:raw_iron":39,"minecraft:torch":1,"minecraft:porkchop":3,"tombstone:grave_dust":3,"minecraft:diorite":5,"minecraft:rotten_flesh":4,"minecraft:diamond":1,"minecraft:stone_axe":1,"vampirism:vampire_orchid":1,"minecraft:black_wool":1,"minecraft:mutton":2,"minecraft:coal":22,"minecraft:white_wool":1,"minecraft:cobblestone":109}},"DataVersion":2975}