{"stats":{"minecraft:crafted":{"minecraft:wooden_sword":1,"minecraft:oak_planks":40,"minecraft:crafting_table":3,"minecraft:wooden_pickaxe":1,"minecraft:furnace":2,"minecraft:birch_planks":24,"minecraft:cooked_mutton":4,"minecraft:stick":36,"minecraft:stone_pickaxe":2,"minecraft:wooden_axe":1,"minecraft:white_bed":1,"minecraft:torch":36,"minecraft:wheat":126},"minecraft:broken":{"minecraft:stone_pickaxe":1,"minecraft:wooden_axe":1,"minecraft:wooden_pickaxe":1},"minecraft:dropped":{"minecraft:coal":2,"minecraft:stone_pickaxe":1},"minecraft:killed_by":{"born_in_chaos_v1:corpse_fly":1},"minecraft:used":{"minecraft:cooked_mutton":4,"minecraft:rose_bush":5,"minecraft:stone_pickaxe":151,"minecraft:oak_planks":4,"minecraft:wooden_pickaxe":59,"minecraft:rotten_flesh":1,"minecraft:white_wool":1,"minecraft:torch":9,"minecraft:mutton":6,"minecraft:crafting_table":6,"minecraft:white_bed":1,"born_in_chaos_v1:corpse_maggot":2,"minecraft:wooden_axe":58,"minecraft:birch_sapling":1,"minecraft:wooden_sword":20,"minecraft:oak_sapling":1,"minecraft:furnace":2,"minecraft:chain":1,"tombstone:gift":2,"minecraft:dandelion":1},"minecraft:killed":{"minecraft:pig":2,"born_in_chaos_v1:restless_spirit":1,"minecraft:spider":1,"born_in_chaos_v1:maggot":2,"minecraft:sheep":6,"minecraft:cow":2},"minecraft:custom":{"minecraft:interact_with_furnace":5,"minecraft:mob_kills":13,"minecraft:interact_with_crafting_table":9,"minecraft:leave_game":2,"minecraft:time_since_death":51529,"minecraft:sleep_in_bed":2,"minecraft:time_since_rest":34686,"minecraft:sprint_one_cm":212586,"minecraft:damage_taken":590,"minecraft:walk_one_cm":368633,"minecraft:drop":3,"minecraft:damage_dealt":1322,"minecraft:fly_one_cm":176862,"minecraft:crouch_one_cm":75,"minecraft:play_time":73028,"minecraft:deaths":1,"minecraft:sneak_time":79,"minecraft:walk_under_water_one_cm":2026,"minecraft:jump":854,"minecraft:walk_on_water_one_cm":2172,"minecraft:total_world_time":73028,"minecraft:fall_one_cm":13438},"minecraft:mined":{"minecraft:dandelion":1,"minecraft:crafting_table":3,"minecraft:grass_block":27,"minecraft:rose_bush":6,"minecraft:tall_grass":18,"minecraft:copper_ore":6,"minecraft:wall_torch":3,"minecraft:hay_block":22,"minecraft:iron_ore":9,"minecraft:birch_log":7,"minecraft:andesite":11,"minecraft:birch_leaves":5,"minecraft:pumpkin":3,"minecraft:grass":184,"minecraft:oak_log":10,"minecraft:coal_ore":23,"minecraft:sand":16,"minecraft:dirt":15,"minecraft:stone":146,"minecraft:white_wool":1,"minecraft:oak_leaves":3},"minecraft:picked_up":{"minecraft:birch_log":6,"born_in_chaos_v1:corpse_maggot":2,"minecraft:crafting_table":3,"minecraft:andesite":9,"minecraft:oak_log":10,"minecraft:chain":1,"minecraft:string":1,"minecraft:dirt":40,"minecraft:raw_copper":21,"minecraft:wheat_seeds":26,"minecraft:stone_pickaxe":1,"minecraft:beef":5,"minecraft:rose_bush":5,"minecraft:birch_sapling":1,"minecraft:raw_iron":9,"minecraft:pumpkin":3,"minecraft:torch":3,"minecraft:dandelion":1,"minecraft:porkchop":4,"minecraft:sand":16,"minecraft:spider_eye":1,"minecraft:rotten_flesh":1,"minecraft:hay_block":21,"minecraft:oak_sapling":1,"minecraft:coal":23,"minecraft:mutton":10,"minecraft:cobblestone":142,"minecraft:white_wool":7}},"DataVersion":2975}